sector,nom,ville,ile,telephone,email,site_web,instagram,facebook,adresse,notes
tatoueur,Mana'o Tattoo Studio Tahiti,Papeete,Tahiti,+689 40 42 45 00,manaotattootahiti@gmail.com,https://www.tattootahiti.com/,@manaotattootahiti,MANA'O TATTOO STUDIO TAHITI,"43 Rue Albert Leboucher, Papeete","Studio référence fondé 2003 — 7 tatoueurs — 24K Insta — HIGH PRIORITY"
tatoueur,Tattoo by Patu,Papeete,Tahiti,+689 87 75 31 73,tattoobypatu@gmail.com,https://tattoobypatu.com/,,TATTOO BY PATU,"133 rue des remparts Papeava, Papeete","Patu primé internationalement"
tatoueur,Tahiti Needles Tattoo,Papeete,Tahiti,+689 87 31 27 45,contact@tahitineedlestattoo.com,https://tahitineedlestattoo.com/,,,"Papeete","5 tatoueurs spécialisés polynésien"
tatoueur,NK Tattoo Tahiti,Papeete,Tahiti,+689 87 75 53 55,nktattoo@ymail.com,,,NK TATTOO TAHITI,"Front de mer, face Place Vaiete, Papeete",
tatoueur,Tagaloa Tattoo,Papeete,Tahiti,+689 40 83 36 09,taglaloatattoo@gmail.com,,,TAGALOA TATTOO,"Avenue Prince Hinoï, Papeete","Makalio Folituu et Philippe Aukara"
tatoueur,Taaroa Tattoo Shop,Papeete,Tahiti,+689 40 45 05 06,taaroatattoo@mail.pf,,,TAAROA TATTOO SHOP,"Arrêt bus front de mer, Papeete","Bruno Tupuai"
tatoueur,Pioro Tattoo,Papeete,Tahiti,+689 87 74 72 38,piorotatoo@yahoo.fr,,,PIORO TATTOO,"Marché municipal, Papeete","Vetea et Varii"
tatoueur,Akoti Tattoo,Papeete,Tahiti,+689 87 20 28 35,,,,,"Marché municipal, Papeete",
tatoueur,Efraima Tatoo,Papeete,Tahiti,+689 87 79 64 71,,,,EFRAIMA TATOO,"Marché municipal 1er étage, Papeete","Efraima et Siméon Huuti"
tatoueur,Heimanu Tatouage,Papeete,Tahiti,+689 87 79 45 20,,,,HEIMANU TATOUAGE,"Rue des écoles, Immeuble SGG, Papeete","Heimanu Raapoto"
tatoueur,Siméon Tatoo,Papeete,Tahiti,+689 87 70 36 34,hakatoakillian@yahoo.fr,,,SIMÉON TATOO,"Immeuble face marché, Papeete","Siméon Huuti"
tatoueur,Te Fara Tattoo,Papeete,Tahiti,+689 87 27 32 91,anji.tinihau@yahoo.fr,,,TE FARA TATTOO,"Avenue Prince Hinoï, Papeete","Tatoueur Henere"
tatoueur,Tikahiri Tatoo Shop,Papeete,Tahiti,+689 87 70 95 73,tikahiritattooshop@gmail.com,,,TIKAHIRI TATOO SHOP,"Boulevard Pomare, Papeete","Plusieurs tatoueurs en équipe"
tatoueur,Tiki Tatau,Papeete,Tahiti,+689 87 77 19 18,,,,TIKI TATAU TAEREA TAHITI,"Centre BRUAT, Papeete","Glenn Taerea"
tatoueur,Tini Ura Tatau,Papeete,Tahiti,+689 89 57 55 30,,,,FIRMIN TATOO,"Quartier Temaire Paofai, Papeete","Firmin Vanaa"
tatoueur,Tuhuka Tatoo,Papeete,Tahiti,+689 87 21 20 30,,,,TUTEA BARSINAS RAIOHA,"Immeuble Lévy, Papeete","Étienne Tutea Itae-Tetaa"
tatoueur,Hautai Tatoo Papeete,Papeete,Tahiti,+689 40 82 68 19,,,,HAUTANA HAUTAI,"Avenue Régent Paraita, Papeete","Hautana Tetuamanuhiri"
tatoueur,Maunga Tattoo Tahiti,Punaauia,Tahiti,+689 87 78 32 35,contact@maungatattootahiti.com,https://maungatattootahiti.com/,,,"Entrée Punaauia, proche InterContinental Tahiti",
tatoueur,Hotu Tatoo,Punaauia,Tahiti,+689 87 24 79 52,hendricktaraihau@gmail.com,,,HOTU TATOO,"Centre Tamanu Iti, Punaauia","Hendrick Teihotu Taraihau"
tatoueur,Moanaarii Tatau,Punaauia,Tahiti,+689 87 22 32 80,,,,MOANAARII TATAU,"Centre Tamanu Iti, Punaauia",
tatoueur,Pirato Heiri Thierry,Punaauia,Tahiti,+689 87 79 79 21,,,,,"PK 8.200, Punaauia","Thierry Heiri Pirato"
tatoueur,Tikimano Tattoo Ink,Punaauia,Tahiti,+689 87 29 89 74,,,,TIKIMANO TATTOO INK,"Centre Tamanu Nui, Punaauia","Mano Salmon et Tshany Teissier"
tatoueur,Tonu Tatau,Punaauia,Tahiti,+689 87 32 62 43,,,,TONU TATAU,"PK 15.800, Punaauia",
tatoueur,Arona Tattoo,Punaauia,Tahiti,,,,,FREDDY ARONA TEORE,"Servitude Pugibet n°4, Punaauia","Freddy Arona Teore"
tatoueur,Manuia Tattoo,Faa'a,Tahiti,+689 40 42 20 89,manuiatattoo@mail.pf,,,MANUIA TATTOO,"Centre FANOMAI, Faa'a","Hilton Tamata"
tatoueur,Ariitai Tatoo,Faa'a,Tahiti,+689 87 73 33 07,,,,ARIITAI TATOO,"PK 4, Faa'a",
tatoueur,Patu Arii Tatoo & Arts,Mahina,Tahiti,+689 87 78 56 36,patuariitea@yahoo.com,,,PATU ARII TATOO & ARTS,"Mahina","Patrick Laux"
tatoueur,Alvan Tattoo,Mahina,Tahiti,+689 87 38 42 54,,,,ALVAN TATTOO,"Mahina","Alvan Maruae"
tatoueur,Etua Rai Tatoo,Mahina,Tahiti,+689 87 34 20 89,,,,ETUA RAI TATOO,"Col du Taharaa, Mahina",
tatoueur,Tatoo Yann,Mahina,Tahiti,+689 87 34 51 75,,,,YAN-PATII MARUAE,"Mahina","Yann-Patii Maruae"
tatoueur,Louison Tatouages,Pirae,Tahiti,+689 87 77 98 07,,,,LOUISON TATOUAGES,"Servitude Princesse Heiata, Pirae","Jean-Louis Denarie"
tatoueur,Marae-Tafaa Tatau,Papara,Tahiti,+689 87 21 24 16,marae-tafaa@hotmail.fr,,,MARAE-TAFAA TATAU,"PK 34.200 Lotissement Vaipahu, Papara","Layna Lau Fat"
tatoueur,To'a Tatoo,Papeari,Tahiti,+689 87 76 28 77,,,,TO'A TATOO,"PK 52 côté montagne, Papeari","Valentin Pere"
tatoueur,Ai'a Tatau,Taravao,Tahiti,+689 87 29 29 16,,,,AI'A TATAU,"Immeuble MANUKA, Taravao","David Teva Zhan"
tatoueur,Maohi Ink,Taravao,Tahiti,+689 87 76 69 82,,,,MAOHI INK,"Centre TAUHERE, Taravao","Teata Vauche et Vaiarii"
tatoueur,Tahiti Iti Tatoo,Taravao,Tahiti,+689 87 78 58 14,,,,TAHITI ITI TATOO,"Afaahiti PK 1.800, Taravao","Marcel Butscher"
tatoueur,Marama Tattoo,Bora Bora,Bora Bora,+689 87 72 22 46,warrentkc@hotmail.fr,,,MARAMA TATTOO,"Matira, Bora Bora","Warren Teng — figure emblématique"
tatoueur,Encre Bora Bora,Vaitape,Bora Bora,+689 87 79 29 65,,,,DINO DEXTER,"Face débarcadère Vaitape, Bora Bora","Dino Dexter et Angelo"
tatoueur,Hautai Hotana,Vaitape,Bora Bora,,,,,HOTANA HAUTAI,"Vaitape, Bora Bora",
tatoueur,Mate Tattoo Moorea,Moorea,Moorea,+689 87 21 01 35,info@matetattoo.com,,,MATE TATTOO,"PK 24.200 Haapiti, Moorea","Steven Mate Michalik"
tatoueur,Moorea Tattoo,Moorea,Moorea,+689 87 76 42 60,gettattooed@mooreatattoo.com,https://mooreatattoo.com/,,,"Entre Tiki Village et Painapo Beach, Moorea","James Samuela"
tatoueur,Lovisa Tattoo,Moorea,Moorea,+689 87 77 58 23,,,,LOVISA GILLES,"PK 5 Maharepa, Moorea","Gilles Lovisa"
tatoueur,Purotu Tattoo,Moorea,Moorea,+689 87 77 59 56,purotu@magicmoorea.com,,,PUROTU TATTOO,"PK 13 Maharepa, Moorea","Laurent Purotu"
tatoueur,Tamatattoo,Moorea,Moorea,+689 87 27 65 44,mana.tatau@gmail.com,,,HAA'MANA TATAU,"Centre TIUMAI Tiaia, Moorea","Haamana Vanaa"
tatoueur,Mana Tattoo by Herbert,Moorea,Moorea,+689 89 50 71 81,,,,MANA TATTOO BY HERBERT MOOREA,"Centre TIUMAI Tiaia, Moorea","Herbert Stigger"
tatoueur,Taniera Tattoo,Moorea,Moorea,+689 87 20 27 40,tanieratattoo@mail.pf,,,,"Hauru PK 27.300, Moorea","Taniera Raurii"
tatoueur,Lolo Tattoo,Moorea,Moorea,,,,,Lolotattootahiti,"Haapiti, Moorea","Spécialiste polynésien"
tatoueur,Eddy Patutiki,Atuona,Hiva Oa,+689 87 30 13 97,,,,EDDY PATUTIKI,"Atuona, Hiva Oa","TATA Eddy — Marquises"
tatoueur,Atelier Vaiaka,Atuona,Hiva Oa,+689 40 92 75 42,,,,,"Atuona, Hiva Oa",
tatoueur,Fii Edwin,Atuona,Hiva Oa,+689 40 92 93 04,,,,,"Quartier Taaoa, Atuona, Hiva Oa","Edwin Moetai Fii"
tatoueur,Manovai Ink Tattoo,Tiputa,Rangiroa,+689 87 34 01 04,,,,MANOVAI INK TATTOO,"Tiputa, Rangiroa","Tuamotu"
tatoueur,Hotu Tatau,Mataura,Tubuai,+689 40 95 02 13,,,,,"Mataura, Tubuai","Édouard Tauhiro — Australes"
tatoueur,Ahi Tattoo,Uturoa,Raiatea,+689 87 72 13 22,ahitattoo@gmail.com,,,AHI TATTOO,"Tevaitoa près aéroport, Raiatea","Heiarii Dangel"
tatoueur,Hei Tatoo,Uturoa,Raiatea,+689 40 66 22 66,haitisidore@hotmail.com,,,HEI TATOO,"Tahina, Raiatea","Isidore Haïti"
tatoueur,Aukara Tattoo,Papeete,Tahiti,,,,@aukara_tattoo,,"Papeete","Studio polynésien — 6K Insta"
tatoueur,Patiki by Manureva,Arue,Tahiti,,,,@tattoosbymanureva,,"Arue","11K Insta"
tatoueur,Temauri Tattoo Shop,Papeete,Tahiti,,,https://temauritattooshop.com/,,,"Papeete",
barber,Rem's Barber,Papeete,Tahiti,+689 40 57 20 80,,,,Rems-Barber-100057507533807,"3 Rue du Général Castelnau, Papeete","Rem's — figure médiatique Hommes de Polynésie"
barber,Roots Barber Tahiti,Papeete,Tahiti,+689 89 79 13 52,,,@rootsbarberstahiti,ROOTSBARBERSTAHITI,"38 Rue François Cardella, Papeete","2 locations Papeete Centre + Fare-Ute"
barber,Corner Barber Shop,Papeete,Tahiti,+689 87 76 03 11,,,@corner.barbershop.tahiti,,"Av. du Chef Vairaatoa, Papeete","Au sein du salon Manovai à Fariipiti"
barber,Chez Tony Barber Shop,Faa'a,Tahiti,+689 89 40 04 10,,,,,"Centre Fanomai, Faa'a",
barber,Tanoa Barber,Papeete,Tahiti,+689 87 22 28 80,,,,,"Black box Tahiti, Papeete",
barber,Lolo Barber,Papeete,Tahiti,,,https://www.lolo-barber-tahiti.com/,,,"Papeete","12 ans expérience Marseille/Paris/USA"
barber,Axo Barber Tahiti,Papeete,Tahiti,,,,,,"Rue Charles Viénot 2 Immeuble Maeva, Papeete",
barber,Un Coiffeur Barbier à Tahiti,Papeete,Tahiti,+689 89 56 21 98,uncoiffeurbarbieratahiti@gmail.com,,,uncoiffeurbarbieratahiti,"6 passage Cardella, Papeete","Mar-Sam"
barber,Barber & Still Tahiti,Papeete,Tahiti,,,,,barberandstilltahiti,"Papeete",
barber,Barber Shop Tahiti Mahina,Mahina,Tahiti,,,,,,"Galerie Champion, Mahina",
barber,Cocoon Hair Barber Shop,Papeete,Tahiti,,,http://cocoonhairtahiti.com/barber-shop/,,,"Papeete",
coiffeur,Salon Kantuta Beauté,Papeete,Tahiti,+689 40 53 32 07,,,,,"Papeete",
coiffeur,Aura Coiffure,Papeete,Tahiti,+689 40 42 96 85,,,,,"Papeete",
coiffeur,Bulle d'Hair,Papeete,Tahiti,+689 40 85 47 24,,,,,"Papeete",
coiffeur,Camille Albane,Punaauia,Tahiti,+689 40 57 67 07,,,,,"Punaauia","Marque internationale"
coiffeur,Coiff'n Go Papeete,Papeete,Tahiti,+689 40 48 37 38,,,,,"Papeete",
coiffeur,Coiff'n Go Faa'a,Faa'a,Tahiti,+689 40 81 94 77,,,,,"Faa'a",
coiffeur,Coiffeur Lionel F,Pirae,Tahiti,+689 89 57 29 74,,,,,"Pirae",
coiffeur,Cristal Coiffure,Punaauia,Tahiti,+689 40 58 26 88,,,,,"Punaauia",
coiffeur,Créatif Coiffure Tahiti,Pirae,Tahiti,+689 40 58 46 63,,,,,"Pirae",
coiffeur,Dessange Tahiti,Papeete,Tahiti,+689 40 43 50 10,,https://salon.dessange.com/fr/salon-coiffure/tahiti,,,"92 rue des Remparts, Papeete","Marque internationale haut de gamme"
coiffeur,Enjoy Coiffure Mahina,Mahina,Tahiti,+689 40 45 07 45,,,,enjoycoiffuretahiti,"Mahina",
coiffeur,Enjoy Coiffure Papeete,Papeete,Tahiti,+689 40 43 80 70,,,,enjoycoiffuretahiti,"Papeete",
coiffeur,Enjoy Coiffure Taunoa,Papeete,Tahiti,+689 40 45 46 45,,,,enjoycoiffuretahiti,"Taunoa, Papeete",
coiffeur,Enjoy Punaauia,Punaauia,Tahiti,+689 40 85 00 01,,,,enjoycoiffuretahiti,"Punaauia",
coiffeur,Glam's Coiffure,Papeete,Tahiti,+689 40 43 69 00,,,,,"Papeete",
coiffeur,Hair Concept by Carol,Punaauia,Tahiti,+689 40 42 52 38,,,,,"Punaauia",
coiffeur,Hairbox,Pirae,Tahiti,+689 40 85 28 53,,,,,"Pirae",
coiffeur,Hina Coiffure & Esthétique,Arue,Tahiti,+689 40 41 93 47,,,,,"Arue",
coiffeur,Infini'tif,Punaauia,Tahiti,+689 40 58 45 16,,,,,"Punaauia",
coiffeur,Institut Naturel Jordan's,Pirae,Tahiti,+689 40 81 92 42,,,,,"Pirae",
coiffeur,Jdavid Coiffure,Moorea,Moorea,+689 40 56 45 45,,,,,"Moorea",
coiffeur,KL Coiffure,Faa'a,Tahiti,+689 40 83 78 37,,,,,"Faa'a",
coiffeur,Le Boudoir,Papeete,Tahiti,+689 87 25 33 97,,,,,"Papeete",
coiffeur,Lissage Japonais Tahiti by Magali,Paea,Tahiti,+689 89 33 99 86,,,,,"Paea","Spécialiste lissage japonais"
coiffeur,Lotus Coiffure,Punaauia,Tahiti,+689 40 43 91 09,,,,,"Punaauia",
coiffeur,Macha Coiffure,Faa'a,Tahiti,+689 87 71 85 14,,,,,"Faa'a",
coiffeur,Maharepa Coiffure,Moorea,Moorea,+689 89 76 81 22,,,,,"Maharepa, Moorea",
coiffeur,Mai Saloon,Papeete,Tahiti,+689 87 31 64 79,,,,,"Papeete",
coiffeur,Manovai Coiffure et Esthétique,Papeete,Tahiti,+689 40 43 05 30,,,,,"Papeete",
coiffeur,Manutea Différence Coiffure,Faa'a,Tahiti,+689 40 82 02 02,,,,,"Faa'a",
coiffeur,Marama Coiffure,Taravao,Tahiti,+689 87 74 73 85,,,,,"Taravao",
coiffeur,Mega Coiff,Punaauia,Tahiti,+689 40 45 53 53,,,,,"Punaauia",
coiffeur,Miloustyle Coiffure,Arue,Tahiti,+689 40 83 83 16,,,,,"Arue",
coiffeur,Miti Art,Pirae,Tahiti,+689 40 53 35 34,,,,,"Pirae",
coiffeur,Moana Nui Coiffure et Esthétique,Punaauia,Tahiti,+689 40 43 41 51,,,,,"Punaauia",
coiffeur,Mooz Hair,Moorea,Moorea,+689 89 44 04 45,,,,,"Moorea",
coiffeur,New Tif Papeete,Papeete,Tahiti,+689 40 43 69 00,,,,,"Papeete",
coiffeur,Nouvel Hair,Punaauia,Tahiti,+689 40 58 29 30,,,,,"Punaauia",
coiffeur,Planet' Hair Tahiti,Papeete,Tahiti,+689 40 41 34 80,,,,,"Papeete",
coiffeur,Platinium Coiffure Mahina,Mahina,Tahiti,+689 40 82 66 88,,,,,"Mahina",
coiffeur,Platinium Coiffure Papeete,Papeete,Tahiti,+689 40 82 86 19,,,,,"Papeete",
coiffeur,Platinum Coiffure Pirae,Pirae,Tahiti,+689 40 82 86 19,,,,,"Pirae",
coiffeur,Regard et Sublime Tahiti,Papeete,Tahiti,+689 40 82 07 33,,,,,"Papeete",
coiffeur,S&T Coiffure,Uturoa,Raiatea,+689 40 66 21 77,,,,,"Uturoa, Raiatea",
coiffeur,Salon Vahi Coiffure,Papeete,Tahiti,+689 40 43 16 43,,,,,"Papeete",
coiffeur,Severine Coiffure,Faa'a,Tahiti,+689 40 57 62 63,,,,,"Faa'a",
coiffeur,Sos Poux,Faa'a,Tahiti,+689 87 30 80 26,,,,,"Faa'a","Spécialiste anti-poux"
coiffeur,Sunset Coiffure,Papara,Tahiti,+689 87 27 67 17,,,,,"Papara",
coiffeur,Symbio's Salon & Institut,Papeete,Tahiti,+689 40 45 07 12,,https://www.symbiostahiti.com/,,,"Papeete","Salon + institut de beauté"
coiffeur,O' Carré by Steph,Papeete,Tahiti,,,https://www.coiffeur-tahiti.com/,,,"Papeete",
coiffeur,Tehani Coiff (domicile),Punaauia,Tahiti,+689 87 25 78 71,,,,,"Punaauia","Coiffeuse à domicile Lun-Dim 9h-20h"
coiffeur,Willow Mahalow,Faa'a,Tahiti,+689 89 30 33 44,,,,,"Entre Gummy Werk et fishmonger Faty, Faa'a",
coiffeur,Hair'Anna (domicile),Taravao,Tahiti,+689 87 31 19 30,,,,,"Taravao","Coiffeur à domicile"
spa,Algotherm Dermo Ocean Spa,Faa'a,Tahiti,+689 40 86 51 51,reservation.tahitiregion@ihg.com,https://tahiti.intercontinental.com/spa-and-wellness/dermo-ocean-spa,,,"InterContinental Tahiti Resort & Spa, Faa'a","Spa hôtel 5*"
spa,Tavai Spa - Le Tahiti,Arue,Tahiti,+689 40 48 88 21,tavai.spa@letahiti.com,https://www.letahiti.com/fr-fr/spa,,Tavaispa,"Hôtel Le Tahiti by Pearl Resorts, Arue","Spa Pearl Resorts — 10h-18h"
spa,Manea Spa Papeete,Papeete,Tahiti,+689 40 50 84 63,marketing@spmhotels.pf,https://www.spmhotels.com/en/manea-spa/,,,"52 rue Paul Gauguin, Papeete","Spa SPM Hotels"
spa,Tavai Spa - Le Bora Bora,Bora Bora,Bora Bora,+689 40 60 52 31,tavai.spa@leborabora.com,https://www.leborabora.com/en-gb/spa,,,"Le Bora Bora by Pearl Resorts, Bora Bora","Monoï, hot stone, hammam, sauna"
spa,Iridium Spa St Regis,Bora Bora,Bora Bora,+689 40 60 78 88,reservations1@stregis.com,https://www.marriott.com/en-us/hotels/bobxr-the-st-regis-bora-bora-resort/spa/,,,"St Regis Bora Bora Resort","Spa 13 000 m² luxe"
spa,Te Mahana Spa Four Seasons,Bora Bora,Bora Bora,+689 40 60 31 70,,https://www.fourseasons.com/borabora/spa/,,,"Four Seasons Resort Bora Bora","Suite spa avec hammam sauna vue Otemanu"
spa,Hina Spa Conrad,Bora Bora,Bora Bora,,PPTBN_spa@hilton.com,https://conradhotels3.hilton.com,,,"Conrad Bora Bora Nui","Hydrothérapie, produits polynésiens"
spa,InterContinental Thalasso Spa,Bora Bora,Bora Bora,+689 40 60 76 00,gsc.boraboraspa@ihg.com,https://thalasso.intercontinental.com/spa-wellness,,,"InterContinental Bora Bora Resort & Thalasso Spa","Thalasso unique en Polynésie"
spa,Le Jardin Spa & Beauty Sofitel,Moorea,Moorea,+689 40 55 12 24,lejardin@onesoulspa.com,https://www.onesoulspa.com/moorea-spa/,,,"Sofitel Moorea Ia Ora Beach Resort","Spa hôtel 5*"
spa,Manea Spa Pearl Beach Bora Bora,Bora Bora,Bora Bora,,,https://www.spmhotels.com/en/manea-spa/,,,"Pearl Beach Resort Motu Tevairoa, Bora Bora","Spa Pearl Resorts"
spa,Villa Spa Tahiti,Papeete,Tahiti,+689 40 82 58 25,,,,,"Papeete",
spa,Dermoorea,Moorea,Moorea,+689 89 34 56 02,,,,,"Moorea",
spa,Vahine Purotu,Papeete,Tahiti,+689 87 76 66 02,,,,,"Papeete","Spa/institut Papeete"
institut_beaute,Jonaroc Tahiti,Papeete,Tahiti,+689 87 71 47 13,,,,,"Papeete",
institut_beaute,Vainaiki Nail's & Beauty,Mahina,Tahiti,+689 40 42 52 52,,,,,"Mahina","Nails + beauty"
institut_beaute,B Zen Esthétique,Pirae,Tahiti,+689 87 74 84 01,contact@bzenesthetique.com,https://www.bzenesthetique.com/,,,"Pirae","Depuis 2015"
institut_beaute,Beauty Success Institut,Papeete,Tahiti,+689 40 50 85 85,tahitibeautysuccess@gmail.com,https://www.beautysuccess.fr/nos-points-de-vente/papeete/404/,,,"Papeete","Marque internationale"
institut_beaute,Bella's Beauty,Faa'a,Tahiti,+689 89 76 75 90,,,,,"Faa'a",
institut_beaute,Bonardi Vaireva S't'tik,Punaauia,Tahiti,+689 87 38 38 39,,,,,"Punaauia",
institut_beaute,Derm Art Fenua,Faa'a,Tahiti,+689 89 36 06 36,,,,,"Faa'a",
institut_beaute,Elégance Esthétique,Taravao,Tahiti,+689 89 79 63 63,,,,,"Taravao",
institut_beaute,Espace Beauté Taravao,Taravao,Tahiti,+689 87 25 82 65,,,,,"Taravao",
institut_beaute,Estelle Esthétique,Pirae,Tahiti,+689 89 72 72 27,,,,,"Pirae",
institut_beaute,Esthétique Infinitif,Punaauia,Tahiti,+689 40 58 45 13,,,,,"Punaauia",
institut_beaute,Fleur de Vanille Institut,Arue,Tahiti,+689 87 76 63 37,,,,,"Arue",
institut_beaute,Flora Esthétique,Papeete,Tahiti,+689 40 45 28 64,,,,,"Papeete",
institut_beaute,Glam by Poehani,Pirae,Tahiti,+689 89 74 32 66,,,,,"Pirae",
institut_beaute,Heiana Beauty Nails,Punaauia,Tahiti,+689 89 67 73 59,,,,,"Punaauia","Nails + beauty"
institut_beaute,Hong My Esthétique,Papara,Tahiti,+689 87 73 43 34,,,,,"Papara",
institut_beaute,Hononui Institut de Beauté,Punaauia,Tahiti,+689 87 25 24 24,,,,,"Punaauia",
institut_beaute,Instant Bien-Être,Punaauia,Tahiti,+689 89 24 42 46,,https://www.fenuawellness.com/partenaires/instant-bien-etre-tahiti/,,,"Punaauia","Fenua Wellness partenaire"
institut_beaute,Institut Nehenehe Tahiti,Papeete,Tahiti,+689 87 79 52 64,,,,,"Papeete",
institut_beaute,Institut Wahine Nani,Punaauia,Tahiti,+689 89 71 24 55,,,,,"Punaauia",
institut_beaute,Julie Esthétique,Papeete,Tahiti,+689 87 30 29 22,,,,,"Papeete",
institut_beaute,K'Lash Studio,Papeete,Tahiti,+689 87 00 61 02,,,,,"Papeete","Lash bar"
institut_beaute,Kia Ora Beauty Tahiti,Papara,Tahiti,+689 89 59 33 93,,,,,"Papara",
institut_beaute,L'Instant d'Après,Pirae,Tahiti,+689 89 71 67 05,,,,,"Pirae",
institut_beaute,L'Institut 5 Sens,Papeete,Tahiti,+689 87 31 37 15,,,,,"Papeete",
institut_beaute,Leika Esthétique,Mahina,Tahiti,+689 87 32 46 26,,,,,"Mahina",
institut_beaute,M'Beauty Esthétique,Moorea,Moorea,+689 40 56 58 03,,,,,"Moorea",
institut_beaute,Maitai Beauty,Punaauia,Tahiti,+689 40 57 52 86,,,,,"Punaauia",
institut_beaute,Mako,Papeete,Tahiti,+689 87 72 35 99,,,,,"Papeete",
institut_beaute,Maru Iti,Tahaa,Tahaa,+689 87 20 37 25,,,,,"Tahaa",
institut_beaute,Moeiti Institut,Punaauia,Tahiti,+689 89 51 27 32,,,,,"Punaauia",
institut_beaute,My Esthetic Faa'a,Faa'a,Tahiti,+689 87 75 90 87,,,,,"Faa'a",
institut_beaute,O'Beauty Tahiti,Papeete,Tahiti,+689 87 75 97 50,obeautytahiti@gmail.com,https://www.obeauty.pf/,,,"Papeete","Massages + bien-être + esthétique"
institut_beaute,O'Hina Esthétique et Taurumi,Papeete,Tahiti,+689 40 83 46 11,,,,,"Papeete","Massage traditionnel polynésien"
institut_beaute,Rose Beauty Tahiti,Papeete,Tahiti,+689 87 33 30 01,,,,,"Papeete",
institut_beaute,Senso by Elo,Papeete,Tahiti,+689 40 83 41 42,,,,,"Papeete",
institut_beaute,Soleil Sucré Tahiti,Punaauia,Tahiti,+689 40 83 58 35,soleilsucredetahiti@mail.pf,,,,"Centre Commercial du Lotus, Punaauia","Vini 87 76 87 95"
institut_beaute,Sublim'Institut Tahiti,Faa'a,Tahiti,+689 89 50 03 26,,,,,"Faa'a",
institut_beaute,The Secret Place Tahiti Sugaring,Faa'a,Tahiti,+689 89 35 03 38,,,,,"Faa'a","Spécialiste épilation au sucre"
institut_beaute,Vahine Minceur,Taravao,Tahiti,+689 87 24 56 44,,,,,"Taravao","Spécialiste minceur"
institut_beaute,Vaiteani Institut de Beauté,Taravao,Tahiti,+689 87 72 97 13,,,,,"Taravao",
institut_beaute,Y de Aura Tahiti,Pirae,Tahiti,+689 89 77 07 55,,https://ydeaura.com/,,,"Av. Ariipaea Pomare, Pirae",
institut_beaute,Aroma Fenua Tahiti (domicile),Punaauia,Tahiti,,,,,,"Punaauia","Esthéticienne à domicile"
institut_beaute,Symbio's Salon & Institut,Papeete,Tahiti,+689 40 45 07 12,symbios@hotmail.fr,https://www.symbiostahiti.com/,,,"Papeete","Salon coiffure + institut"
onglerie,Polynesianails,Papeete,Tahiti,+689 87 76 12 67,,http://www.polynesianails.sitew.com/,,POLYNESIANAILS-126034250770730,"Rond-point Chirac, Immeuble Charles Lévy, Papeete","Mar-Ven 8h30-17h, Sam 8h30-12h30"
onglerie,K.rol Nail Bar & Beauty,Papeete,Tahiti,+689 40 42 19 00,,https://www.nailbar.fr/k-rol-nail-bar-beauty-2/,,,"Pacific Plaza Tahiti carrefour Auae, Papeete","Lun 12-19h, Mar-Sam 9-19h, Dim 9-12h"
onglerie,Rock Nails by Heitu,Papeete,Tahiti,,,https://www.fenuawellness.com/partenaires/rock-nails-by-heitu/,,,"Fare Tony 2e étage porte 210, Papeete","Fenua Wellness partenaire"
onglerie,My Nails Tahiti,Papeete,Tahiti,+689 88 81 99 65,mynailstahiti@gmail.com,,,mynailstahiti,"Au-dessus pharmacie Mama'o, Papeete",
onglerie,Onglerie Tahiti,Papeete,Tahiti,,,,,onglerietahiti,"Place de la cathédrale, Papeete","Extensions, nail art, mains/pieds"
onglerie,Party Nails & Beauty Tahiti,Papeete,Tahiti,+689 87 75 75 28,,,,ongletahiti,"Papeete","Nails + beauty"
onglerie,Vainaiki Nail's & Beauty,Mahina,Tahiti,+689 40 42 52 52,,,,,"Mahina","Nails + beauty"
onglerie,Heiana Beauty Nails,Punaauia,Tahiti,+689 89 67 73 59,,,,,"Punaauia",
onglerie,Art & Création de l'Ongle,Punaauia,Tahiti,+689 87 74 60 00,,,,,"PK 15 c/mer, Punaauia","Faux ongles, gel, nail art, à domicile"
onglerie,Rava Beauty,Papeete,Tahiti,,,https://www.smartmaptahiti.com/poste/rava-beauty/,,,"Papeete",
maquilleuse,Vahine Purotu,Papeete,Tahiti,+689 87 76 66 02,,,,,"Papeete","Massage + maquillage + esthétique"
maquilleuse,The Showroom by Audrey Bodilis,Papeete,Tahiti,+689 87 72 15 40,,https://www.theshowroombyaudreybodilis.com/prestations-tarifs-partenariats,,profile.php?id=100044248218296,"Papeete","Formée Make Up For Ever Paris 2005 — TV cinéma mariages"
maquilleuse,L'Atelier de Margot,Paea,Tahiti,+689 87 72 07 36,,,,,"Paea",
maquilleuse,Lily Tahiti,Papeete,Tahiti,+689 89 50 98 68,,https://www.lilytahiti.com/,,,"Papeete (mobile)","Coiffeuse + maquilleuse événementiel"
maquilleuse,Makeup by Okamanu,Papeete,Tahiti,+689 89 52 80 11,,,,,"Papeete",
maquilleuse,Meryl Rouger Make Up,Papeete,Tahiti,+689 87 77 52 29,,,,,"Papeete",
maquilleuse,Microblading Académie by Chayenne Tavere,Papeete,Tahiti,+689 87 23 17 57,,,,,"Papeete","Spécialiste microblading"
maquilleuse,Tevaite R Tahiti Make Up,Papeete,Tahiti,+689 89 79 06 19,,,,,"Papeete (mobile)",
maquilleuse,L'Makeup Tahiti,Papeete,Tahiti,,,,@lmakeuptahiti,,"Papeete",
maquilleuse,Aurélie Bora Bora Bridal Beauty,Bora Bora,Bora Bora,,,https://www.wedotahiti.com/wedding-vendor-of-the-month-aurelie-make-up-artist-hair-stylist-in-bora-bora/,,,"Bora Bora","Make Up Forever — hair stylist + makeup"
osteopathe,Samuel ZIJP,Papeete,Tahiti,+689 87 78 92 78,,,,osteo.tahiti,"Avenue Bambridge, Papeete",
osteopathe,Manon et Quentin Ostéopathe,Papeete,Tahiti,+689 89 60 32 55,mq.osteopathie@gmail.com,,,MetQosteoPPT,"Immeuble Te Ava-Paofai, Papeete","2 praticiens"
osteopathe,Mérédith SUTRA,Pirae,Tahiti,+689 87 78 88 76,,https://www.meredith-sutra.com/,,,"962 avenue Ari'ipaea Pōmare, Pirae",
osteopathe,Bastien COUPEZ,Pirae,Tahiti,+689 87 74 77 35,,https://www.osteopathetahiti.com/,,,"Pirae, pk 2 Hamuta","Titre National Ostéopathe"
osteopathe,Benattar Dovane,Papeete,Tahiti,+689 87 37 03 94,,https://www.osteopathepapeete.com/en,,,"Papeete","Lun-Ven 8-19h, Sam 9-12h"
osteopathe,Nicolas BOUSSEREAU,Punaauia,Tahiti,+689 40 41 90 45,,https://www.osteopathie-tahiti.com/,,,"Centre Tamanu Iti PK15, Punaauia","Lun-Ven 7-19h"
osteopathe,Angélique et Vincent Frey,Papeete,Tahiti,+689 87 28 37 42,,,,,"Papeete","2 praticiens"
osteopathe,Bastien MOUROUX,Punaauia,Tahiti,+689 87 71 31 74,,,,,"Cabinet Manotahi PK 12.5 Côté montagne, Punaauia","Ostéo + kiné"
osteopathe,Joanna PEREIRA,Moorea,Moorea,+689 89 54 58 18,,,,,"Moorea",
osteopathe,Marion BOYER,Papeete,Tahiti,+689 87 72 95 76,,,,,"Papeete",
osteopathe,Boogie Guéniot,Papeete,Tahiti,+689 89 53 59 51,,,,,"Papeete",
osteopathe,Aemilia Kassis,Paea,Tahiti,+689 87 26 36 64,,,,,"Paea",
osteopathe,Alexis Coutier,Bora Bora,Bora Bora,+689 87 37 77 30,,,,,"Bora Bora",
osteopathe,Annaig Lesne Apuzzo,Faa'a,Tahiti,+689 87 77 35 36,,,,,"Faa'a",
osteopathe,Baptiste Perrier,Papeete,Tahiti,+689 87 72 95 76,,,,,"Papeete",
osteopathe,Pierre Dufour,Papeete,Tahiti,+689 89 76 36 65,,,,,"Papeete",
osteopathe,Coraline Olszowy,Punaauia,Tahiti,+689 88 85 17 30,,,,,"Punaauia",
osteopathe,Cécile Zeller,Paea,Tahiti,+689 87 26 36 64,,,,,"Paea",
osteopathe,Emmanuel Daumont,Taravao,Tahiti,+689 87 76 13 47,,,,,"Taravao",
osteopathe,Florian Lankar,Uturoa,Raiatea,+689 87 26 92 64,,,,,"Uturoa, Raiatea",
osteopathe,Frédéric Fonteneau,Papeete,Tahiti,+689 87 31 66 02,,,,,"Papeete",
osteopathe,Jade Bataillon,Papeete,Tahiti,+689 87 21 36 10,,,,,"Papeete",
osteopathe,Jean Pascal Lagarde,Punaauia,Tahiti,+689 40 42 78 26,,,,,"Punaauia",
osteopathe,Richard Larripa,Papeete,Tahiti,+689 87 33 63 50,,,,,"Papeete",
osteopathe,Sébastien Beaurain,Punaauia,Tahiti,+689 89 51 80 51,,,,,"Punaauia",
osteopathe,Thierry Apuzzo,Faa'a,Tahiti,+689 87 77 35 36,,,,,"Faa'a",
osteopathe,Thomas Dairou,Papeete,Tahiti,+689 87 71 73 76,,,,,"Papeete",
osteopathe,Tiphaine Verneau,Faa'a,Tahiti,+689 89 52 26 27,,,,,"Faa'a",
osteopathe,Tom Grosjean,Taravao,Tahiti,+689 89 58 85 38,,,,,"Taravao",
osteopathe,Valentin Questel,Mahina,Tahiti,+689 89 59 86 64,,,,,"Mahina",
osteopathe,Fabien Belin,Uturoa,Raiatea,,,,,,"Uturoa, Raiatea","Polynésie Pratique"
osteopathe,Sébastien Delattre,Papeete,Tahiti,,,,,,"Papeete",
osteopathe,Olivier Gay,Papeete,Tahiti,,,,,,"Papeete",
osteopathe,Bruno Lohmann,Papeete,Tahiti,,,,,,"Papeete",
osteopathe,Marc Lombard,Faaone,Tahiti,,,,,,"Faaone",
osteopathe,Michel Ngo,Taravao,Tahiti,,,,,,"Taravao",
osteopathe,David Restout,Papeete,Tahiti,,,,,,"Papeete",
osteopathe,Gregory Thirouard,Papeete,Tahiti,,,,,,"Papeete",
osteopathe,Muriel Vendel-Viest,Pirae,Tahiti,,,,,,"Pirae",
osteopathe,Mike Cowan,Faa'a,Tahiti,,,,,,"Faa'a",
dentiste,Cabinet Levaux & Failloux,Papeete,Tahiti,+689 40 42 56 78,,https://dr-levaux-jp.chirurgiens-dentistes.fr/,,,"117 avenue du Prince Hinoï BP 2746, 98713 Papeete","Drs Levaux & Failloux"
dentiste,Cabinet Dentaire Vaimoanatea,Papeete,Tahiti,+689 40 43 68 38,,https://www.cabinetdentaire-tahiti.com/,,,"Immeuble Vaimoanatea entrée A 2e étage, face Champion Paofai, Papeete","Lun-Ven 8-18h, Sam 8-12h"
dentiste,Dr Véronique Perez Eyrard,Papeete,Tahiti,+689 40 42 56 66,,https://www.dentiste-papeete.com/,,,"Passage Cardella rue Titiavai, Papeete","Lun-Ven 8h-19h"
dentiste,Dr Pierre Robillard,Faa'a,Tahiti,,,https://dr-pierre-robillard.chirurgiens-dentistes.fr/,,,"Faa'a","Lun-Ven 7h15-18h30, accepte urgences"
dentiste,Dr Pangaud Myriam,Papeete,Tahiti,,,,,,"16 Rue Lagarde, Papeete",
dentiste,Dr Cabral Gérard,Papeete,Tahiti,,,,,,"52 Rue Paul Gauguin, Papeete",
dentiste,Dr Levaudi Anne Laure,Papeete,Tahiti,,,,,,"9 Place de la Cathédrale, Papeete",
dentiste,Dr Vaslot Nadège,Papeete,Tahiti,,,,,,"52 Rue Gauguin, Papeete",
dentiste,Dr Andres Christian,Papeete,Tahiti,,,,,,"19 Rue Colette, Papeete",
dentiste,Dr Petitpas Aurélien,Papeete,Tahiti,,,,,,"Boulevard Pomare IV, Papeete",
dentiste,Dr Leroy Guillaume,Papeete,Tahiti,,,,,,"127 bis Rue des Poilus Tahitiens Immeuble Santa Anna, Papeete","SELARL Cabinet Leroy"
dentiste,Dr Diebold François,Papeete,Tahiti,,,,,,"19 Rue Colette, Papeete",
dentiste,Dr Savic Michel,Papeete,Tahiti,,,,,,"Immeuble Pharmacie du Port, Papeete",
dentiste,Dr Gauthier Franck,Papeete,Tahiti,,,,,,"11 Place de la Cathédrale, Papeete","SELARL Cabinet Cathédrale"
dentiste,Dr Dupire Christophe,Papeete,Tahiti,,,,,,"Rue Émile Martin, Papeete 98713",
dentiste,Dr Courset Teva,Papeete,Tahiti,,,,,,"52 Rue Paul Gauguin, Papeete",
dentiste,Dr Milley Romain,Papeete,Tahiti,,,,,,"52 Rue Paul Gauguin, Papeete",
dentiste,Dr Charles Didier,Papeete,Tahiti,,,,,,"Immeuble Tinirouru, Papeete",
dentiste,Dr Sand Maxence,Papeete,Tahiti,,,,,,"16 Rue Edouard Ahme, Papeete",
dentiste,Dr Aoustin Pierre Hugues,Papeete,Tahiti,,,,,,"Papeete",
dentiste,Dr Combes Juliette,Papeete,Tahiti,,,,,,"11 Place de la Cathédrale, Papeete",
dentiste,Dr Fabre Justine,Papeete,Tahiti,,,,,,"Papeete 98713",
dentiste,Dr Larrat Lilian,Papeete,Tahiti,,,,,,"Boulevard Pomare, Papeete",
dentiste,Dr Wong King Richard,Papeete,Tahiti,,,,,,"Papeete",
dentiste,Dr Agache Philippe,Papeete,Tahiti,,,,,,"1 Place de la Cathédrale, Papeete",
dentiste,Dr Labadie Antoine,Papeete,Tahiti,,,,,,"95 Rue Georges Clemenceau, Papeete",
dentiste,Dr Galano Valérie,Papeete,Tahiti,,,,,,"Immeuble Lou PK 8, Papeete",
dentiste,Dr Miklus Vetea,Papeete,Tahiti,,,,,,"Papeete",
dentiste,Dr Leogite Jeffrey,Papeete,Tahiti,,,,,,"35 Rue des Écoles, Papeete",
dentiste,Dr Richoilley Nina,Papeete,Tahiti,,,,,,"Rue Émile Martin, Papeete 98713",
dentiste,Dr Lansun Christophe,Papeete,Tahiti,,,,,,"Rue Émile Martin, Papeete 98713",
dentiste,Dr Cheong Gérard,Papeete,Tahiti,,,,,,"Avenue Cd Chesse, Papeete",
dentiste,Dr Chevalier Claire,Papeete,Tahiti,,,,,,"Papeete","Orthodontie"
dentiste,Dr Richecoeur Titaua,Papeete,Tahiti,,,,,,"Papeete","Orthodontie"
dentiste,Dr Akrich Gilbert,Pirae,Tahiti,,,,,,"Pirae",
dentiste,Dr Avet Frédéric,Moorea,Moorea,,,,,,"Moorea",
coach_sportif,Coach Tahiti,Punaauia,Tahiti,+689 89 37 60 02,wesporttamanu@gmail.com,https://coachtahiti.com/,,,"Tamanu Punaauia","WeSport Tamanu — Henere Barff — coaching personnalisé"
coach_sportif,SCE Tahiti (Studio Coaching Évolution),Punaauia,Tahiti,+689 87 28 08 15,,https://scetahiti.com/,,,"Punaauia","Lun-Ven 7-18h, Sam 8-11h"
coach_sportif,Mathias Coach Tahiti,Punaauia,Tahiti,,,https://mathiascoachtahiti.com/,,,"Punaauia","Coaching individuel adapté"
coach_sportif,Private Coaching Tahiti,Papeete,Tahiti,+689 87 28 03 28,,https://www.big-ce.pf/partenaires/private-coaching-tahiti,,,"Papeete","BIG-CE partenaire"
coach_sportif,Coach.Here Tahiti,Papeete,Tahiti,+689 87 23 04 14,,,,,"Papeete",
coach_sportif,Forging Aito Coaching,Papeete,Tahiti,+689 89 52 37 05,,,,,"Papeete",
coach_sportif,The GYM Tahiti,Punaauia,Tahiti,,,https://www.localgymsandfitness.com/PF/Punaauia/178637365996178/,,,"Complexe Phénix face Collège Punaauia, à côté Décathlon","Centre remise forme avec PT certifié"
coach_sportif,Xtremgym,Papeete,Tahiti,,,,,,"Papeete","Cross training, body jam, coachs"
coach_sportif,StarGym,Papeete,Tahiti,,,,,,"Papeete",
coach_sportif,Roberto Gym,Papeete,Tahiti,,,,,,"Papeete",
coach_sportif,WeSport Tamanu,Punaauia,Tahiti,+689 89 42 77 77,wesporttamanu@gmail.com,https://www.fenuawellness.com/partenaires/wesport-tamanu/,,,"Bas centre Tamanu 1er étage, Punaauia","Cours collectifs + matériel cardio/muscu — Lun-Ven 6-20h"
kine,Cabinet Amel Kebdani,Papeete,Tahiti,+689 87 78 47 33,amelkebdani.mk@gmail.com,,,,"Immeuble Foyer des Jeunes Filles 4e étage, Papeete","Lun-Sam 7-19h — neuro/cardio/amputés"
kine,Centre de Soins et Récupération (CSR),Papeete,Tahiti,+689 49 94 50 05,csr.kinesport@gmail.com,https://kinetahiti.com/,,,"18 avenue régent Paraita, Papeete","Kiné du sport"
kine,Kiné Tahiti Pamatai,Faa'a,Tahiti,+689 89 75 25 73,vigo.alexia@yahoo.fr,,,kinetahiti,"Pamatai, Faa'a","Kiné du sport — Alexia Vigo"
kine,Cabinet Cyril Pons,Papeete,Tahiti,,,,,kinecyrilpons,"Papeete","Masseur-Kinésithérapeute"
kine,Coraline Olszowy Kiné du Lotus,Punaauia,Tahiti,+689 88 85 17 30,,https://www.rdv360.com/coraline-olszowy-cabinet-du-lotus-98718-punaauia,,,"Centre commercial du Lotus, Punaauia","Thérapie manuelle + pédiatrie"
kine,Bastien Mouroux,Punaauia,Tahiti,+689 87 71 31 74,,,,,"Cabinet Manotahi PK 12.5 montagne, Punaauia","Kiné + ostéo"
kine,Cabinet Kiné Pirae,Pirae,Tahiti,+689 40 65 72 83,,,,,"Rue Afarerii, Pirae",
kine,Centre Faremahora,Faa'a,Tahiti,+689 40 45 00 05,,,,,"Faa'a",
kine,Centre Medical Heiri,Faa'a,Tahiti,+689 87 77 82 28,,,,,"Faa'a",
kine,Cabinet Kiné Moorea Baraille,Moorea,Moorea,+689 89 52 59 56,,,,,"Immeuble Baraille Haapiti, Moorea",
kine,Turpin Julien,Moorea,Moorea,,,,,,"Moorea",
kine,Balaguer Cedric,Moorea,Moorea,,,,,,"Moorea",
kine,Chavet Patrick,Moorea,Moorea,,,,,,"Moorea",
kine,Michael Diverres,Moorea,Moorea,,,,,,"Moorea",
kine,Gence Jérôme et Yves,Bora Bora,Bora Bora,+689 87 73 53 42,,,,,"Face boutique Robert Wan Vaitape Nunue, Bora Bora",
kine,Élodie PILLOT,Punaauia,Tahiti,,,,,,"Punaauia 98715","Annuaire IPPP"
kine,Centre Médical Taharu'u,Papara,Tahiti,,,https://centremedical.taharuu.com/kinesitherapie/,,,"Papara","Kiné centre médical"
kine,PEYROT Fabien,Papeete,Tahiti,,,https://www.allotaote.com/taote/peyrot-fabien-gilbert-christian/,,,"Papeete","Référencé Allo Taote"
infirmier,Chantal ADAM-SEIWERT,Pirae,Tahiti,,,,,,"Pirae/Arue","Ordre Infirmiers PF n°94 — Liste officielle"
infirmier,Raphaël ALLAIN,Taravao,Tahiti,,,,,,"Taravao","n°571"
infirmier,Jeanne AMINI-TEHOTU,Faaone,Tahiti,,,,,,"Faaone","n°73"
infirmier,Corine ARMIEN-CHOUTEAU,Taravao,Tahiti,,,,,,"Taravao","n°2"
infirmier,Nathalie ARNOULD,Faa'a,Tahiti,,,,,,"Faa'a","n°155"
infirmier,Patricia AUGONNET,Moorea,Moorea,,,,,,"Moorea","n°208"
infirmier,Hina AVIU LE MARECHAL,Papara,Tahiti,,,,,,"Papara","n°112"
infirmier,Lucie BAGET,Taravao,Tahiti,,,,,,"Taravao","n°899"
infirmier,Laurent BARUCCHI,Nuku Hiva,Nuku Hiva,,,,,,"Nuku Hiva","n°157 — Marquises"
infirmier,Jean-Philippe BASTIDE,Papeari,Tahiti,,,,,,"Papeari","n°90"
infirmier,Olivier BENEDETTI,Faa'a,Tahiti,,,,,,"Faa'a","n°148"
infirmier,Maud BERGER-MOUËLLO,Nuku Hiva,Nuku Hiva,,,,,,"Nuku Hiva","n°787"
infirmier,Manuella BERMUDES CUSTODIO,N/A,Polynésie,,,,,,"","n°106"
infirmier,Mathieu BERNARD,Papenoo,Tahiti,,,,,,"Papenoo","n°307"
infirmier,Yohan BIBARD,Papeete,Tahiti,,,,,,"Papeete","n°74"
infirmier,Hélène BIENAIME-DRIANO,Taravao,Tahiti,,,,,,"Taravao","n°61"
infirmier,Arthur BODET,Tahiti,Tahiti,,,,,,"Tahiti","n°386"
infirmier,Frédéric BOILEAU,Pirae,Tahiti,,,,,,"Pirae","n°65"
infirmier,Céline BONAL,Rurutu,Rurutu,,,,,,"Rurutu","n°597 — Australes"
infirmier,Patricia BONNET,Mahaena,Tahiti,,,,,,"Mahaena","n°461"
infirmier,Katia BOUCHET-BRIATTE,Mahina,Tahiti,,,,,,"Mahina","n°44"
infirmier,Christine BOULARD,Paea,Tahiti,,,,,,"Paea","n°96"
infirmier,Rachel BOULEZ,Tahiti,Tahiti,,,,,,"Tahiti","n°327"
infirmier,Marlène BROCHON-LACOMBE,Raiatea,Raiatea,,,,,,"Raiatea","n°5"
infirmier,Corinne BRUNE-ROMERO,Faa'a,Tahiti,,,,,,"Faa'a","n°95"
infirmier,Evelyne CHABBERT-TEHIHIRA,Mahina,Tahiti,,,,,,"Mahina","n°102"
infirmier,Philippe CHAMBON,Tahaa,Tahaa,,,,,,"Tahaa","n°151"
infirmier,Romaine CHAMLONG-THIEFAIN,Taravao,Tahiti,,,,,,"Taravao","n°876"
infirmier,Karine CHANSON,Tahiti,Tahiti,,,,,,"Tahiti","n°40"
infirmier,Vaitiare CHARGUERAUD,Tahiti,Tahiti,,,,,,"Tahiti","n°734"
infirmier,Carole CHIR,Moorea,Moorea,,,,,,"Moorea","n°579"
infirmier,Marguerite CIER FOC,Taravao,Tahiti,,,,,,"Taravao","n°45"
infirmier,Juliette COLLOMB,Moorea,Moorea,,,,,,"Moorea","n°42"
infirmier,Bertrand COLMART,Taravao,Tahiti,,,,,,"Taravao","n°86"
infirmier,Sylvain CORRIERAS,Mahaena,Tahiti,,,,,,"Mahaena","n°730"
infirmier,Dominique CRINON,Rurutu,Rurutu,,,,,,"Rurutu","n°75"
infirmier,Delphine CROCHET-TEHEI,Moorea,Moorea,,,,,,"Moorea","n°119"
infirmier,Camille DAHLET,Moorea,Moorea,,,,,,"Moorea","n°831"
infirmier,Karine DAUGENE-ADRIEN,Moorea,Moorea,,,,,,"Moorea","n°916"
infirmier,Valérie DAVY-FREQUELIN,Papeete,Tahiti,,,,,,"Papeete","n°115"
infirmier,Monique DELEUZE-BRUYERE,Tahiti,Tahiti,,,,,,"Tahiti","n°905"
infirmier,Sophie DENIZOT,Tahaa,Tahaa,,,,,,"Tahaa","n°397"
infirmier,François DEQUESNE,Papenoo,Tahiti,,,,,,"Papenoo","n°54"
infirmier,Isabelle DEREDEC,Moorea,Moorea,,,,,,"Moorea","n°8"
infirmier,Mathilde DESSERY-EYCHENNE,Huahine,Huahine,,,,,,"Huahine","n°167"
infirmier,Gekrine DEVAY,Papeete,Tahiti,,,,,,"Papeete","n°67"
infirmier,Julie DEYME,Tikehau,Tikehau,,,,,,"Tikehau","n°633 — Tuamotu"
infirmier,Annie DONVAL,Nuku Hiva,Nuku Hiva,,,,,,"Nuku Hiva","n°581"
infirmier,Isabella DOVETTA-LORPHELIN,Paea,Tahiti,,,,,,"Paea","n°131"
infirmier,Florence DUGRAVOT,Bora Bora,Bora Bora,,,,,,"Bora Bora","n°619"
infirmier,Carole DURSAPT,Tahiti,Tahiti,,,,,,"Tahiti","n°535"
infirmier,Xavier DURY,Papara,Tahiti,,,,,,"Papara","n°110"
infirmier,Annie DUVAL,Tahiti,Tahiti,,,,,,"Tahiti","n°732"
infirmier,Jocelyne EDOUARD-DUCLOS,Rangiroa,Rangiroa,,,,,,"Rangiroa","n°713 — Tuamotu"
infirmier,Elisabeth FAIVRE-HAAUTI,Huahine,Huahine,,,,,,"Huahine","n°649"
infirmier,Régine FALGUIERES,Taravao,Tahiti,,,,,,"Taravao","n°122"
infirmier,Nathalie FAVRE-PELOU,Uturoa,Raiatea,,,,,,"Uturoa, Raiatea","n°10"
infirmier,Caroline FEREC,Tahiti,Tahiti,,,,,,"Tahiti","n°399"
infirmier,Jérôme FERNANDEZ,Faa'a,Tahiti,,,,,,"Faa'a","n°85"
infirmier,France-Hélène FEVRIER,Tahiti,Tahiti,,,,,,"Tahiti","n°889"
infirmier,Bénédicte FRUT,Tubuai,Tubuai,,,,,,"Tubuai","n°264 — Australes"
infirmier,Karine GAUVIN,Tahiti,Tahiti,,,,,,"Tahiti","n°391"
infirmier,Nathalie GERARDIN-KINTS,Tubuai,Tubuai,,,,,,"Tubuai","n°104"
infirmier,Guénaelle GONTIER,Punaauia,Tahiti,,,,,,"Punaauia","n°60"
infirmier,Sophie GOVAERE,Faa'a,Tahiti,,,,,,"Faa'a","n°125"
infirmier,Franck GRASSI,Moorea,Moorea,,,,,,"Moorea","n°11"
infirmier,Méghane GRAZANA,Papeete,Tahiti,,,,,,"Papeete","n°865"
infirmier,Valérie GUENET-LE BARBIER,Bora Bora,Bora Bora,,,,,,"Bora Bora","n°116"
infirmier,Pierre GUIBERT-LASSALLE,Arue,Tahiti,,,,,,"Arue","n°52"
infirmier,Sandra HAMADEINE,Moorea,Moorea,,,,,,"Moorea","n°786"
infirmier,Marie-José HEITAA,Atuona,Hiva Oa,,,,,,"Atuona","n°538 — Marquises"
infirmier,Nicolas HERNANDEZ,Papeete,Tahiti,,,,,,"Papeete","n°160"
infirmier,Caroline HIRONDELLE,Arue,Tahiti,,,,,,"Arue","n°76"
infirmier,Valérie HUGUES,Tahiti,Tahiti,,,,,,"Tahiti","n°15"
infirmier,Aurélie HUSTA-CHARRIER,Faa'a,Tahiti,,,,,,"Faa'a","n°17"
infirmier,Nadine INNOCENTI,Tahiti,Tahiti,,,,,,"Tahiti","n°107"
infirmier,Isabelle JAOUEN-LECAM,Moorea,Moorea,,,,,,"Moorea","n°377"
infirmier,Marlène JOLY-MAHAI,Arue,Tahiti,,,,,,"Arue","n°37"
infirmier,Fabienne JOUBIER,Punaauia,Tahiti,,,,,,"Punaauia","n°634"
infirmier,Florence JOUNEAU,N/A,Polynésie,,,,,,"","n°190"
infirmier,Olivier JOUVE,Tahiti,Tahiti,,,,,,"Tahiti","n°287"
infirmier,Emmanuel KCHIOUCH-JULIAN,Moorea,Moorea,,,,,,"Moorea","n°93"
infirmier,Valérie KEOPHOUANGPHET,Moorea,Moorea,,,,,,"Moorea","n°339"
infirmier,M. Christ KERBRAT-SIMON,Teahupoo,Tahiti,,,,,,"Teahupoo","n°149"
infirmier,Morgane KERISEL LEHUEROU,Paea,Tahiti,,,,,,"Paea","n°280"
infirmier,Anne KERLAN,Papeete,Tahiti,,,,,,"Papeete","n°158"
infirmier,Raymond KWONG,Rangiroa,Rangiroa,,,,,,"Rangiroa","n°768"
infirmier,Cédric LAMBLETIN,Presqu'île,Tahiti,,,,,,"Presqu'île Tahiti","n°681"
infirmier,Anabelle LANZA,Pirae,Tahiti,,,,,,"Pirae","n°19"
infirmier,Laure LARA-CHAMBON,Tahaa,Tahaa,,,,,,"Tahaa","n°130"
infirmier,Christophe LAURENT,Paea,Tahiti,,,,,,"Paea","n°98"
infirmier,Franck LE GOUGE,Tahiti,Tahiti,,,,,,"Tahiti","n°239"
infirmier,Muriel LE ROUX,Paea,Tahiti,,,,,,"Paea","n°211"
infirmier,Alexandre LE THENO,Tahiti,Tahiti,,,,,,"Tahiti","n°439"
infirmier,Monique LEOGITE-ERCOLE,Uturoa,Raiatea,,,,,,"Uturoa Raiatea","n°203"
infirmier,Brigitte LEONARD-TOULIS,Moorea,Moorea,,,,,,"Moorea","n°727"
infirmier,Blandine LEQUIEN-LEEMANS,Tahiti,Tahiti,,,,,,"Tahiti","n°583"
infirmier,Lydie LETHUILLIER,Tahiti,Tahiti,,,,,,"Tahiti","n°38"
infirmier,Julia MALLET,Taravao,Tahiti,,,,,,"Taravao","n°367"
infirmier,Nadia MAO CHE-LEON,Arue,Tahiti,,,,,,"Arue","n°150"
infirmier,Julie MARCEL,Hiva Oa,Hiva Oa,,,,,,"Hiva Oa","n°749"
infirmier,Heimana MARIN,Punaauia,Tahiti,,,,,,"Punaauia","n°183"
infirmier,Bruno MARLIER,Mahina,Tahiti,,,,,,"Mahina","n°127"
infirmier,Aurélie MARTIN,Faaone,Tahiti,,,,,,"Faaone","n°997"
infirmier,Aïssatou M'BODJ-DIOP,Tubuai,Tubuai,,,,,,"Tubuai","n°908"
infirmier,Eric MESSAOUDI,Tahiti,Tahiti,,,,,,"Tahiti","n°629"
infirmier,Marion MESSIALLE,Tahiti,Tahiti,,,,,,"Tahiti","n°685"
infirmier,Olivier MOREAU,Bora Bora,Bora Bora,,,,,,"Bora Bora","n°622"
infirmier,Corinne MORER,Faa'a,Tahiti,,,,,,"Faa'a","n°533"
infirmier,Tiphaine MORO-HOUE,Tahiti,Tahiti,,,,,,"Tahiti","n°482"
infirmier,Magdalena MOULIN-PERRIER,Rangiroa,Rangiroa,,,,,,"Rangiroa","n°412"
infirmier,Amandine MUTSCHLER,Tahiti,Tahiti,,,,,,"Tahiti","n°707"
infirmier,Daniele NEGRONI-BRILLOUET,Tahiti,Tahiti,,,,,,"Tahiti","n°220"
infirmier,Stéphanie NOEL,Papara,Tahiti,,,,,,"Papara","n°408"
infirmier,Monique OLIVE,Tahiti,Tahiti,,,,,,"Tahiti","n°24"
infirmier,Valérie PANG AH TSUNG,Arue,Tahiti,,,,,,"Arue","n°26"
infirmier,Sophie PEETROONS-LIZEN,Moorea,Moorea,,,,,,"Moorea","n°56"
infirmier,Myriam PELLERIN,Pirae,Tahiti,,,,,,"Pirae","n°446"
infirmier,Magalie PERES,Papeete,Tahiti,,,,,,"Papeete","n°49"
infirmier,Anne PERRIN,Moorea,Moorea,,,,,,"Moorea","n°87"
infirmier,Marcelle PEYRISSAGUET,Papara,Tahiti,,,,,,"Papara","n°89"
infirmier,Pascale PIERRON,Mahina,Tahiti,,,,,,"Mahina","n°111"
infirmier,Pascale PIRAT-CARRERE-DEE,Papeete,Tahiti,,,,,,"Papeete","n°53"
infirmier,Sophie PLAZZI-COUPAT,Raiatea,Raiatea,,,,,,"Raiatea","n°28"
infirmier,François PONCET,Raiatea,Raiatea,,,,,,"Raiatea","n°29"
infirmier,Patrice PORTELLI,Tahaa,Tahaa,,,,,,"Tahaa","n°145"
infirmier,Valérie POUPLARD-MESTRE,Papara,Tahiti,,,,,,"Papara","n°114"
infirmier,Lionel REIS-NICOLI,Papeete,Tahiti,,,,,,"Papeete","n°30"
infirmier,Marie-Claire RENNES,Taravao,Tahiti,,,,,,"Taravao","n°205"
infirmier,Ana Paula RIBEIRO-DUBOIS,Raiatea,Raiatea,,,,,,"Raiatea","n°31"
infirmier,Béatrice RIDEAU,Faa'a,Tahiti,,,,,,"Faa'a","n°88"
infirmier,Henri RODEL,Tahiti,Tahiti,,,,,,"Tahiti","n°751"
infirmier,Nathalie RODRIGUEZ,Raiatea,Raiatea,,,,,,"Raiatea","n°143"
infirmier,Guilhem ROQUES,Papara,Tahiti,,,,,,"Papara","n°71"
infirmier,Thierry ROSTOUCHER,Hiva Oa,Hiva Oa,,,,,,"Hiva Oa","n°924"
infirmier,Catherine ROUGEOLLES,Papeete,Tahiti,,,,,,"Papeete","n°97"
infirmier,Karine ROUQUETTE-RODRIGUEZ,Faa'a,Tahiti,,,,,,"Faa'a","n°51"
infirmier,Maité SALLABERRY,Punaauia,Tahiti,,,,,,"Punaauia","n°305"
infirmier,Michel SANCHIZ,Bora Bora,Bora Bora,,,,,,"Bora Bora","n°152"
infirmier,Yann SANTONI,Punaauia,Tahiti,,,,,,"Punaauia","n°247"
infirmier,Léa SCHMERBER,Tahiti,Tahiti,,,,,,"Tahiti","n°249"
infirmier,Floris SHAN,Pirae,Tahiti,,,,,,"Pirae","n°100"
infirmier,Martine SIBELLE-HUSSON,Huahine,Huahine,,,,,,"Huahine","n°295"
infirmier,Nathalie SICOT-GUERIN,Tahiti,Tahiti,,,,,,"Tahiti","n°176"
infirmier,Françoise SIMON,Paea,Tahiti,,,,,,"Paea","n°48"
infirmier,Michèle SIMON,Paea,Tahiti,,,,,,"Paea","n°289"
infirmier,Maire SVARC,Tahiti,Tahiti,,,,,,"Tahiti","n°188"
infirmier,Hassan TAJIOUTI,Paea,Tahiti,,,,,,"Paea","n°147"
infirmier,Delphine TEMATAHOTOA-TCHEN PAN,Arue,Tahiti,,,,,,"Arue","n°82"
infirmier,Maryse TEPAVA,Moorea,Moorea,,,,,,"Moorea","n°378"
infirmier,Aude TERAIAIAMANO-PUA,Taravao,Tahiti,,,,,,"Taravao","n°103"
infirmier,Murielle THRASIBULE-THERMILUS,Tubuai,Tubuai,,,,,,"Tubuai","n°804"
infirmier,Régine TOURNIER,Polynésie,Polynésie,,,,,,"zone 2","n°121"
infirmier,Julien TRACOL,Tahiti,Tahiti,,,,,,"Tahiti","n°392"
infirmier,Sophie TRANCHIDA-HAFFNER,Tahiti,Tahiti,,,,,,"Tahiti","n°117"
infirmier,Clark TUMARAE,Raivavae,Raivavae,,,,,,"Raivavae","n°1015 — Australes"
infirmier,Anne Marie VALLIER-LAUX,Pirae,Tahiti,,,,,,"Pirae","n°34"
infirmier,Stéphanie VAN COPPENOLLE-LECOTTIER,Pirae,Tahiti,,,,,,"Pirae","n°109"
infirmier,Marthe VERNAUDON-KAUTAI,Arue,Tahiti,,,,,,"Arue","n°165"
infirmier,Frédérique VIEL-LAVALLEY,Papeete,Tahiti,,,,,,"Papeete","n°63"
infirmier,Christelle VILLETTE,Ua Pou,Ua Pou,,,,,,"Ua Pou","n°162 — Marquises"
infirmier,Christiane VINCENT-TOUZE,Raiatea,Raiatea,,,,,,"Raiatea","n°36"
infirmier,Damien VOYER,Tahiti,Tahiti,,,,,,"Tahiti","n°390"
infirmier,Patricia ZWIEBEL,Tubuai,Tubuai,,,,,,"Tubuai","n°322"
kine,Nicolas ANGUE,Papeete,Tahiti,+689 40 46 18 41,,,,,"Clinique Paofai, Papeete","CPS conventionné — vini 87785445"
kine,Luc BRONSTEIN,Papeete,Tahiti,+689 40 42 56 25,,,,,"117 Rue du Commandant Chesse, Papeete","CPS — vini 87777725"
kine,Jean-Paul FOREST,Papeete,Tahiti,+689 40 42 62 70,,,,,"Centre Vaima, Papeete","CPS"
kine,Laurent FOUGEROLLE,Papeete,Tahiti,+689 40 43 33 00,,,,,"Immeuble New Mahana/Rue Louis Martin Mission, Papeete","CPS — vini 87773665"
kine,Steeven GALL,Papeete,Tahiti,+689 40 82 37 96,,,,,"Immeuble Vairaatoa Nui 107/Face Cécile, Papeete","CPS — vini 87789092"
kine,Laurent GIRAULT,Papeete,Tahiti,+689 40 42 33 30,,,,,"12 Rue Jean Gilbert, Papeete","CPS — vini 87239566"
kine,Pauline GRIFFOIN,Papeete,Tahiti,,,,,,"Centre Médical Prince Hinoï, Papeete","CPS — vini 87717694"
kine,Aurélien GRISON,Papeete,Tahiti,,,,,,"Immeuble Artemis 3 étage Bur 2/Te Te Aroa No Mati, Papeete","CPS — vini 87778357"
kine,Bruno LOHMANN,Papeete,Tahiti,+689 40 45 00 05,,,,,"21 Rue Cook, Papeete","CPS — vini 87784052"
kine,Sylvain LUCAS,Papeete,Tahiti,+689 40 43 33 00,,,,,"Centre Médical Prince Hinoï, Papeete","CPS — vini 87290854"
kine,Charles MARSAUX,Papeete,Tahiti,+689 40 85 56 46,,,,,"4e étage Immeuble Foyer des Jeunes Filles/Paofai, Papeete","CPS — vini 87771210"
kine,Frédéric MONTEIL,Papeete,Tahiti,+689 40 45 00 05,,,,,"Ancienne Université du Pacifique/Rue Cook, Papeete","CPS — vini 87772143"
kine,Eva OSTERGAARD PROVO,Papeete,Tahiti,+689 40 45 64 44,,,,,"4 étage/Immeuble Foyer des Jeunes Filles, Papeete","CPS — vini 87784733"
kine,Stéphane PEREZ,Papeete,Tahiti,+689 40 83 40 80,,,,,"Rez-de-chaussée/33 Rue du Commandant Chesse, Papeete","CPS — vini 87706790"
kine,Frédéric PIDOU,Papeete,Tahiti,+689 40 42 62 70,,,,,"Centre Vaima, Papeete","CPS — vini 87713123"
kine,Cyril PONS,Papeete,Tahiti,+689 40 43 33 00,,,,,"Lot 202 2ème étage/Centre Prince Hinoï, Papeete","CPS — vini 87320598"
kine,Régis PREVE,Papeete,Tahiti,+689 40 43 09 15,,,,,"50 Rue Lagarde, Papeete","CPS — vini 87713262"
kine,David RESTOUT,Papeete,Tahiti,+689 40 82 08 21,,,,,"Angle Avenue Prince Hinoï/Rue Marc Blond Saint Hilaire, Papeete","CPS — vini 87706025"
kine,Axelle SAVROT SIENNE,Papeete,Tahiti,+689 40 83 00 88,,,,,"Face magasin Sienne/Rue Marc Blond de St Hilaire, Fariipiti","CPS — vini 87749046"
kine,Pascale SCHLICK,Papeete,Tahiti,,,,,,"Immeuble New Mahana/Rue Louis Martin, Papeete","CPS — vini 87244450"
kine,Romain SOUSTRADE,Papeete,Tahiti,+689 40 48 28 48,,,,,"Immeuble Te Ava 311 bis Boulevard Pomare, Papeete","CPS — vini 87303893"
kine,Gregory THIROUARD,Papeete,Tahiti,+689 40 54 03 56,,,,,"Centre Médical de Mamao/95 Avenue Georges Clemenceau, Papeete","CPS — kiné + ostéo"
kine,Jean-Marie THIROUARD,Papeete,Tahiti,+689 40 54 03 56,,,,,"Centre Médical de Mamao/95 Avenue Georges Clemenceau, Papeete","CPS"
kine,Nicolas TOUSSAINT,Papeete,Tahiti,+689 40 48 34 34,,,,,"Avenue du Commandant Chesse/Derrière le cinéma Majestic, Papeete","CPS — vini 87775529"
kine,Nelly BARTOLO,Faa'a,Tahiti,+689 40 58 36 37,,,,,"PK 04.7 Côté Montagne/Centre Faremahora/Quartier Samuela, Faa'a","CPS — vini 87317266"
kine,Farkas CHAVET,Faa'a,Tahiti,+689 40 82 49 58,,,,,"Lot Heiri N° 48, Faa'a","CPS — vini 87217564"
kine,Julien FECELLE,Faa'a,Tahiti,+689 40 58 36 37,,,,,"PK 04.7 Côté Montagne/Centre Faremahora/Quartier Samuela, Faa'a","CPS — vini 87316788"
kine,Arnaud GOMES,Faa'a,Tahiti,+689 40 83 84 00,,,,,"PK 02.0 Côté Montagne/Face ancien Hilton, Faa'a","CPS — vini 87218306"
kine,Elisabeth LAMBRECHT,Faa'a,Tahiti,+689 40 81 08 18,,,,,"PK 06.5 Côté Montagne/Heiri, Faa'a","CPS — vini 87779640"
kine,Goran MILANOVIC,Faa'a,Tahiti,,,,,,"Quartier Tavararo, Faa'a","CPS — vini 87782894"
kine,Fabien PEYROT,Faa'a,Tahiti,+689 87 77 82 28,,https://www.allotaote.com/taote/peyrot-fabien-gilbert-christian/,,,"Centre Médical Heiri, Faa'a","CPS — vini 89263051"
kine,Elodie PILLOT,Faa'a,Tahiti,+689 40 58 36 37,,,,,"PK 04.7 Côté Montagne/Centre Faremahora Num 91, Faa'a","CPS — vini 87744622"
kine,Ivan VABRET,Faa'a,Tahiti,+689 40 58 36 37,,,,,"PK 04.7 Côté Montagne/Centre Faremahora/Quartier Samuela, Faa'a","CPS — vini 87755272"
kine,Christophe BRASSE,Punaauia,Tahiti,+689 40 53 32 75,,,,,"PK 15.0 Côté mer/Centre Commercial Tamanu Iti, Punaauia","CPS — vini 87766974"
kine,Julien CALAMEL,Punaauia,Tahiti,+689 40 45 19 53,,,,,"PK 13.2 Côté mer, Punaauia","CPS — vini 87793884"
kine,Jorge CANON,Punaauia,Tahiti,,,,,,"PK 11.4 Côté mer/A côté du Capitain Bligh, Punaauia","CPS — vini 89360545"
kine,Matthieu FORGE,Punaauia,Tahiti,+689 40 43 31 32,,,,,"Centre Commercial Le Lotus, Punaauia","CPS — vini 87792972"
kine,Arnaud HELFER,Punaauia,Tahiti,+689 40 85 48 00,,,,,"PK 11.4 Côté Montagne/Cabinet de Kinésithérapie, Punaauia","CPS — vini 87276463"
kine,Jean-Pascal LAGARDE,Punaauia,Tahiti,+689 40 42 78 26,,,,,"Près de la Pharmacie/Centre Médical Tamanu, Punaauia","CPS — vini 87226466"
kine,Hervé MARCONATO,Punaauia,Tahiti,+689 40 58 28 00,,,,,"Centre Moana Nui, Punaauia","CPS — vini 87786963"
kine,Marie-Jean OLIVIER,Punaauia,Tahiti,+689 40 41 96 88,,,,,"PK 14.5 Côté mer/Centre Tamanu Nui N°10 RDC face Gendarmerie, Punaauia","CPS — vini 87319688"
kine,Michael VIAL,Punaauia,Tahiti,+689 40 58 28 00,,,,,"Galerie Marchande Moana Nui/Carrefour, Punaauia","CPS — vini 87780851"
kine,Olivier AGUSSAN,Pirae,Tahiti,+689 40 42 33 77,,,,,"Immeuble Van Bastolaer/Au-dessus du Tupa Club/Rue Afarerii, Pirae","CPS — vini 87773157"
kine,Harrys CANCE,Pirae,Tahiti,,,,,,"Local M1/Immeuble Le Bihan, Pirae","CPS — vini 87714011"
kine,Benjamin HOUOT,Pirae,Tahiti,+689 40 83 44 22,,,,,"Immeuble Le Bihan 1er étage/Local M1, Pirae","CPS — vini 87734422"
kine,Philippe LE CORVELLER,Pirae,Tahiti,+689 40 42 33 77,,,,,"Immeuble Van Bastolaer/Au-dessus du Tupa Club, Pirae","CPS — vini 87792160"
kine,Thomas LEFEVRE,Pirae,Tahiti,,,,,,"Servitude Eric Tapare, Pirae","CPS — vini 87305213"
kine,Christophe MORETTI,Pirae,Tahiti,,,,,,"Immeuble Le Bihan, Pirae","CPS — vini 87789330"
kine,Jean-Marc NICOLAS,Pirae,Tahiti,,,,,,"Local M1/1er étage/Immeuble Lebihan, Pirae","CPS — vini 89545352"
kine,Nicolas PETIOT,Pirae,Tahiti,,,,,,"Rue John Hart, Pirae","CPS — vini 89313599"
kine,Felipe SELLES,Pirae,Tahiti,+689 40 41 27 15,,,,,"PK 03.0/Résidence Heitiare/Nahoata, Pirae","CPS — vini 87777544"
kine,François BREMOND,Arue,Tahiti,,,,,,"PK 06.9 Côté mer/Servitude Richecoeur, Arue","CPS — vini 87736873"
kine,Claire DUMAS,Arue,Tahiti,+689 40 45 34 00,,,,,"PK 04.6 Côté Montagne/Route de l'Eau Royale, Arue","CPS — vini 89369735"
kine,Pierre GESLIN,Arue,Tahiti,,,,,,"PK 04.9/Local N° 26/Immeuble Raimoana, Arue","CPS — vini 87706044"
kine,Albine FOURNIER,Mahina,Tahiti,+689 40 48 07 08,,,,,"PK 09.5 Côté mer, Mahina","CPS — vini 87263088"
kine,Sophie MORALES,Mahina,Tahiti,+689 40 48 29 67,,,,,"PK 10.0 Côté mer, Mahina","CPS — vini 87738634"
kine,David RAGUENES,Mahina,Tahiti,+689 40 48 07 08,,,,,"PK 09.5 Côté mer, Mahina","CPS — vini 87783855"
kine,Ruben CORDON ARNEDO,Uturoa,Raiatea,+689 40 66 37 65,,,,,"Immeuble Puchon/Uturoa, Raiatea","CPS — vini 87272447"
kine,Guillaume CLEMENT,Paea,Tahiti,+689 40 58 36 19,,,,,"PK 20.3 Côté Montagne/Tiapa, Paea","CPS — vini 87294725"
kine,Matthieu JAYMOND,Paea,Tahiti,+689 40 43 41 11,,,,,"PK 23.7 Côté mer/1er étage/Centre Commercial Totoe Beach, Paea","CPS — vini 87309607"
kine,Jean-Philippe PORTA,Paea,Tahiti,+689 40 58 36 19,,,,,"PK 20.3 Côté Montagne/A côté de la Pharmacie Tiapa, Paea","CPS — vini 87772266"
kine,Charlotte REYT,Paea,Tahiti,+689 40 58 36 19,,,,,"PK 20.3 Côté Montagne/Tiapa, Paea","CPS — vini 87216087"
kine,Frédéric BLANC,Papara,Tahiti,+689 40 57 32 18,,,,,"PK 36.0 Côté Montagne/Centre Apatea, Papara","CPS — vini 87714756"
kine,François CARDAMONE,Papara,Tahiti,+689 40 57 32 18,,,,,"PK 36.0 Côté Montagne/Centre Apatea, Papara","CPS — vini 87328889"
kine,Fabien DISETTI,Papara,Tahiti,+689 40 57 32 18,,,,,"PK 36.0 Côté Montagne/Centre Commercial Apatea, Papara","CPS — vini 87785769"
kine,Pierric GAUCHET,Papara,Tahiti,+689 40 57 32 18,,,,,"PK 35.7 Côté Montagne/Centre Apatea, Papara","CPS"
kine,Benjamin JOUBERT,Mataiea,Tahiti,+689 40 52 18 92,,,,,"PK 47.8 Côté Montagne/Centre Mataiea Nui, Mataiea","CPS — vini 87326066"
kine,Charles VANDEMEULEBROUCKE,Mataiea,Tahiti,+689 40 52 18 92,,,,,"Centre Commercial Mataiea Nui, Mataiea","CPS — vini 87271383"
kine,Bertrand GOUDAL,Vairao,Tahiti,+689 40 57 53 57,,,,,"PK 11.4 Côté mer/Dispensaire de Vairao, Vairao","CPS — vini 87720255"
kine,Marie-Laure CANDAU,Papenoo,Tahiti,+689 40 43 32 22,,,,,"PK 17.0 Côté Montagne/Fare Paana, Papenoo","CPS — vini 87747496"
kine,Brice NEHAM,Tiarei,Tahiti,+689 40 81 39 39,,,,,"PK 30.2 Côté mer, Tiarei","CPS — vini 87709919"
kine,Emmanuel DAUMONT,Taravao,Tahiti,+689 40 57 14 14,,,,,"PK 00.6/Immeuble Tesa, Taravao","CPS — vini 87761347"
kine,Didier GERARD,Taravao,Tahiti,+689 40 57 14 14,,,,,"PK 00.6 Côté mer/Route de Teahupoo, Taravao","CPS — vini 87784202"
kine,Marc LOMBARD,Taravao,Tahiti,+689 40 83 54 51,,,,,"PK 00.5 Côté mer/Centre Vahinerii, Taravao","CPS — vini 87257555"
kine,Michel NGO,Taravao,Tahiti,+689 40 57 15 98,,,,,"PK 60.0, Taravao","CPS — vini 87784123"
kine,Carole PICARD,Taravao,Tahiti,+689 40 57 65 95,,,,,"Immeuble Chonel Local 6, Taravao","CPS — vini 89789543"
kine,Cedric BALAGUER,Moorea,Moorea,+689 40 56 37 44,,,,,"PK 05.2/Centre Raihau/Paopao, Moorea","CPS — vini 87775826"
kine,Michael DIVERRES,Moorea,Moorea,+689 40 56 20 14,,,,,"PK 27.1 Côté mer/Immeuble Baraille/Haapiti, Moorea","CPS — vini 87785251"
kine,Romain DUPUY,Moorea,Moorea,+689 40 56 35 81,,,,,"PK 08.7 Côté Montagne/Centre Médical Afareaitu, Moorea","CPS — vini 89518767"
kine,Clement LAPIERRE,Moorea,Moorea,+689 40 56 50 74,,,,,"PK 02.9 Côté Montagne/Centre Tumai/Temae, Moorea","CPS — vini 87310894"
kine,Philippe LESVENAN,Moorea,Moorea,+689 40 56 56 97,,,,,"PK 25.0 Côté mer/Lot Tiahura N° 97/Haapiti, Moorea","CPS"
kine,Thomas LOREILLE,Moorea,Moorea,,,,,,"Local C/Centre Kikipa/Maharepa, Moorea","CPS — vini 87723377 ou 87795767"
kine,Julien TURPIN,Moorea,Moorea,,,,,,"PK 02.6 Côté Montagne/Centre Tumai/Temae, Moorea","CPS — vini 89742608"
kine,Jean-Michel MENDOZA,Huahine,Huahine,+689 40 68 75 31,,,,,"Derrière la Station Mobil/Fare, Huahine","CPS — vini 87286513"
kine,Bruno TOURNIER,Huahine,Huahine,+689 40 68 84 93,,,,,"PK 09.0 Côté mer/Marina de Faie, Huahine","CPS — vini 87746313"
kine,Justine DHAEYE,Uturoa,Raiatea,,,,,,"PK 07.8 Côté Montagne/Tevaitoa/Tumaraa, Raiatea","CPS — vini 87782581"
kine,Antoine LEVIGOUREUX,Uturoa,Raiatea,,,,,,"Immeuble Puchon 1er étage, Uturoa, Raiatea","CPS — vini 87287071"
kine,Frédéric NABETH,Uturoa,Raiatea,+689 40 66 25 78,,,,,"PK 01.0 Côté Montagne/Quartier Tahina, Uturoa, Raiatea","CPS — vini 87763992"
kine,Maxime ROBIN,Uturoa,Raiatea,,,,,,"PK 08.0 Côté mer/Centre Médical Puanou, Uturoa, Raiatea","CPS — vini 87314405"
kine,Bruno VOISIN,Uturoa,Raiatea,+689 40 66 11 73,,,,,"Immeuble Silloux, Uturoa, Raiatea","CPS — vini 87792879"
kine,Annoncia ANAIS KATI,Tahaa,Tahaa,,,,,,"Iripau/Patio, Tahaa","CPS — vini 87735390"
kine,Jérôme GENCE,Bora Bora,Bora Bora,,,,,,"Face boutique Robert Wan/Vaitape/Nunue, Bora Bora","CPS — vini 87735421"
kine,Christine MAUPETIT,Bora Bora,Bora Bora,,,,,,"Vaitape/Nunue, Bora Bora","CPS — vini 87792956"
kine,Daniel LAMBLIN,Rangiroa,Rangiroa,+689 40 96 82 62,,,,,"Avatoru, Rangiroa","CPS — vini 87746370"
kine,Caroline MAYET,Rangiroa,Rangiroa,,,,,,"2 km après le centre du village/Bord de route Côté Récif/Avatoru, Rangiroa","CPS — vini 87201264"
kine,Soraya CHILLON DOMINGUEZ,Rurutu,Rurutu,+689 40 94 07 56,,,,,"Route traversière entre la Station Total et EDT/Moerai, Rurutu","CPS — vini 87373596"
kine,Stéphanie PERRIN,Nuku Hiva,Nuku Hiva,+689 40 92 06 90,,,,,"Vallée Meau/Taiohae, Nuku Hiva","CPS — vini 87744130"
kine,Eloi TERORATUA,Hiva Oa,Hiva Oa,,,,,,"Vallée de Meau/Taiohae, Nuku Hiva","CPS — vini 87352598"
podologue,Bruno FLORIAN,Papeete,Tahiti,+689 40 43 11 22,,,,,"Immeuble Pape Ora/11-12 Avenue du Régent Paraita, Papeete","Pédicure-podologue CPS — vini 87791000"
podologue,Ghislain MAILLARD,Papeete,Tahiti,+689 40 43 07 74,,,,,"Immeuble Haura Paofai, Papeete","Pédicure-podologue CPS — vini 87299983"
podologue,Pascal MAILLARD,Papeete,Tahiti,+689 40 43 43 61,,,,,"1er étage à gauche/Au-dessus Maison de la Presse/Quartier du Commerce, Papeete","Pédicure-podologue CPS — vini 87704830 — Cab secondaire Taravao"
podologue,Anne STEINMETZ GUCKERT,Papeete,Tahiti,+689 87 78 04 21,,,,,"Rue Cook, Papeete","Pédicure-podologue CPS — vini 87353577"
podologue,Anne-Laure GUILLOUX,Faa'a,Tahiti,+689 40 41 24 12,,,,,"Centre Commercial Auae, Faa'a","Pédicure-podologue CPS — vini 87771589 — Cab secondaire Moorea Kikipa Maharepa"
podologue,Xavier LIEUTIER,Moorea,Moorea,,,,,,"PK 07.5 Côté Montagne/Centre Kikipa/Maharepa, Moorea","Pédicure-podologue CPS — vini 87266560"
medecin_generaliste,Dr Audrey APPIETTO,Moorea,Moorea,+689 40 56 27 07,,,,,"PK 27.1 Côté mer/Tiahura, Moorea","CPS conventionné"
medecin_generaliste,Dr Sabrina BUONAMINI,Moorea,Moorea,+689 40 56 15 55,,,,,"PK 30.5 Côté Montagne/Haapiti, Moorea","CPS"
medecin_generaliste,Dr Francis BARATEAU,Papeete,Tahiti,+689 40 46 04 01,,,,,"Clinique Cardella, Papeete","CPS"
medecin_generaliste,Dr Robert BERTUCCI,Papeete,Tahiti,+689 40 46 18 40,,,,,"Clinique Paofai, Papeete","CPS"
medecin_generaliste,Dr Joel HIRLEMANN,Papeete,Tahiti,+689 40 50 69 00,,,,,"Centre Médical Mamao, Papeete","CPS"
medecin_generaliste,Dr Renaud VINH-TUNG,Papeete,Tahiti,+689 40 43 41 52,,,,,"Immeuble Vigor/135 Cours de l'Union Sacrée, Papeete","CPS"
medecin_generaliste,Dr Charles FICHTER,Papeete,Tahiti,+689 40 42 07 70,,,,,"Rue Colette, Papeete","CPS"
medecin_generaliste,Dr Antoine CARPENTIER,Papeete,Tahiti,+689 40 42 56 67,,,,,"Rue Paul Gauguin, Papeete","CPS"
medecin_generaliste,Dr Alexandre CHAMPES,Papeete,Tahiti,+689 40 42 04 43,,,,,"Résidence Vairaatoa Nui, Papeete","CPS"
medecin_generaliste,Dr Stephan BRODIN,Pirae,Tahiti,+689 40 43 98 46,,,,,"Immeuble Sinjoux/Rue Afarerii, Pirae","CPS"
medecin_generaliste,Dr Philippe CHIU,Pirae,Tahiti,+689 40 85 13 23,,,,,"722 Rue Afarerii, Pirae","CPS"
medecin_generaliste,Dr Stéphane BELJOUANI,Mahina,Tahiti,+689 40 48 26 50,,,,,"Route de la Pointe Vénus, Mahina","CPS"
medecin_generaliste,Dr Serge BERTRAND,Mahina,Tahiti,+689 40 48 03 43,,,,,"PK 10.0 Côté Montagne/Chez Champion, Mahina","CPS"
medecin_generaliste,Dr Jean-Pierre BASSE,Punaauia,Tahiti,+689 40 58 37 37,,,,,"PK 14.5 Côté mer/Centre Commercial Tamanu, Punaauia","CPS"
medecin_generaliste,Dr Sébastien BLIN,Punaauia,Tahiti,+689 40 57 19 19,,,,,"PK 12.8/Cabinet Médical Atiura, Punaauia","CPS"
medecin_generaliste,Dr Régis FREZALS,Punaauia,Tahiti,+689 40 41 01 01,,,,,"Centre Moana Nui, Punaauia","CPS"
medecin_generaliste,Dr Clementin BONNEVILLE,Arue,Tahiti,+689 40 42 09 58,,,,,"PK 04.9 Côté Montagne, Arue","CPS"
medecin_generaliste,Dr Bernard LAFITTE,Taravao,Tahiti,+689 40 57 21 88,,,,,"Centre Médical de Taravao/Immeuble Vonken, Taravao","CPS"
medecin_generaliste,Dr Jean-Luc DIMIER,Taravao,Tahiti,+689 40 57 74 40,,,,,"PK 59.1 Côté mer, Taravao","CPS"
medecin_generaliste,Dr Veronica BANFF NATALY,Huahine,Huahine,+689 40 68 81 81,,,,,"Fare, Huahine","CPS"
medecin_generaliste,Dr Hervé CARBONNIER,Huahine,Huahine,+689 40 68 82 20,,,,,"Fare, Huahine","CPS"
medecin_generaliste,Dr Pascal MOTYKA,Huahine,Huahine,+689 40 68 82 20,,,,,"Fare, Huahine","CPS"
photographe,Paulina Cadoret Photography & Film,Bora Bora,Bora Bora,+689 87 76 70 35,,https://paulinacadoret.com/,@paulinacadoret,,"Showroom Punaauia + Bora Bora","Spécialiste mariage/honeymoon/famille — 12 ans expérience — HIGH PRIORITY"
photographe,Helene Havard Photography,Papeete,Tahiti,+689 87 34 49 16,,https://helenehavard.com/,,,"Tahiti","Helene & Sam — 1ers en monde drone mariage PF — 15 ans"
photographe,Sandrine Bonvoisin,Bora Bora,Bora Bora,,,https://sandrinebonvoisin.com/photographe-bora-bora/,,,"Bora Bora","Mariage Bora Bora luminous + elegant"
photographe,Nicolas Hirigoyen Photographe,Faa'a,Tahiti,+689 87 36 41 86,,https://www.nicolashirigoyen.com/,,,"Faa'a","Couple/mariage/portrait Tahiti Moorea"
photographe,Alikaphoto Photographe Tahiti,Punaauia,Tahiti,+689 87 36 36 76,,https://alikaphoto.com/,@alikaphoto,,"Punaauia","Famille/couple/mariage — forfait mariage 180k XPF — online booking actif"
photographe,Mégane S Photography,Punaauia,Tahiti,+689 87 35 50 32,,https://www.meganesphotography.com/,,,"Punaauia","Couple/grossesse/mariage/famille"
photographe,Te Mata Photo,Arue,Tahiti,+689 40 48 32 39,,http://www.temataphoto.com/,,,"Mamao + Centre Tamanu Iti Punaauia","2 locations — labo photo + portrait"
photographe,Manao Photo,Punaauia,Tahiti,+689 89 53 63 68,,https://manaophoto.com/,,,"Punaauia","Made in Fenua"
photographe,Moana Blackstone,Papeete,Tahiti,+689 89 36 47 66,,,,,"Papeete",
photographe,Moana Pugibet Photographie,Papeete,Tahiti,+689 89 50 00 50,,,,,"Papeete",
photographe,My Real Portrait Tahiti,Papeete,Tahiti,+689 87 79 94 50,,,,,"Papeete","Portrait spécialiste"
photographe,Alisée Monteil Photographe,Faa'a,Tahiti,+689 89 67 23 94,,,,,"Faa'a",
photographe,Samantha Hemery Photographe,Papeete,Tahiti,+689 89 51 46 33,,,,,"Papeete",
photographe,Studio Marama with love,Tahiti,Tahiti,,,https://studiomarama-withlove.com/,,,"Tahiti Moorea Bora Bora","Photographer mariage/portrait"
photographe,Sylvain Bouzat,Tahiti,Tahiti,,,https://sylvain-bouzat-photographe-mariage.com/en/french-polynesia-wedding-photographer/,,,"Destination wedding PF","French Polynesia wedding photographer"
photographe,Moorea Photovideo,Moorea,Moorea,,,https://www.mooreaphotovideo.com/wedding,,,"Moorea","Wedding video + photo"
photographe,Aurélie Bora Bora,Bora Bora,Bora Bora,,,https://www.wedotahiti.com/wedding-vendor-of-the-month-aurelie-make-up-artist-hair-stylist-in-bora-bora/,,,"Bora Bora","Hair stylist + makeup + photo wedding"
photographe,O'Tantik,Tahiti,Tahiti,,,https://otantik.photo/,,,"Tahiti","Photographe Tahiti"
photographe,TEIKIDEV,Papeete,Tahiti,,,https://www.teikidev.com/,,,"Papeete","Studio photo portrait/mode/mariage depuis 2011"
photographe,Tahiti Scape 689,Tahiti,Tahiti,,,,@tahitiscape689,,"Tahiti","Photographe Polynésie"
sage_femme,Cabinet Sages-Femmes Aua'e,Faa'a,Tahiti,+689 87 74 04 34,sagefemmefaaa@gmail.com,https://www.sagefemmefaaatahiti.com/,,,"Centre Commercial Aua'e face Carrefour & Hilton, Faa'a","Caroline Rigollet + Amandine Virag — HIGH PRIORITY"
sage_femme,Caroline Rigollet,Faa'a,Tahiti,+689 87 74 04 34,sagefemmefaaa@gmail.com,https://www.sagefemmefaaatahiti.com/,,,"Centre Aua'e, Faa'a","Cabinet Aua'e"
sage_femme,Amandine Virag,Faa'a,Tahiti,+689 89 54 35 00,sagefemmefaaa@gmail.com,,,,"Centre Aua'e, Faa'a","Cabinet Aua'e"
sage_femme,Dorothée Walschots,Faa'a,Tahiti,+689 82 86 86 1,cosfpf@gmail.com,https://www.cosfpf.com/,,,"Faa'a","Présidente Conseil Ordre Sages-Femmes PF — HIGH PRIORITY"
sage_femme,Flavie Cortet,Punaauia,Tahiti,+689 87 73 15 93,,https://www.rdvsagefemme.com/a/flavie-cortet,,,"Centre Tamanu Nui, Punaauia",
sage_femme,Catherine Pichon,Punaauia,Tahiti,+689 87 73 15 93,,,,,"Centre Tamanu Nui, Punaauia",
sage_femme,Alice Piot,Uturoa,Raiatea,+689 87 34 29 44,,,,,"Uturoa, Raiatea",
sage_femme,Aloysia Chantry,Taravao,Tahiti,+689 87 23 78 30,,,,,"Taravao",
sage_femme,Ambre Michel de Sieno,Mahina,Tahiti,+689 87 29 05 26,,,,,"Mahina",
sage_femme,Aude Lionet Chanfour,Faa'a,Tahiti,+689 87 78 52 16,,,,,"Faa'a",
sage_femme,Celia Morel,Papara,Tahiti,+689 87 30 17 39,,,,,"Papara",
sage_femme,Clotilde Charra Joubert,Faaone,Tahiti,+689 87 27 79 35,,,,,"Faaone",
sage_femme,Delphine Pheulpin,Pirae,Tahiti,+689 87 24 12 12,,,,,"Pirae",
sage_femme,Maria Isabelle Jamet,Papeete,Tahiti,,,,,,"Papeete","Sage-femme libérale"
sage_femme,Marion Castell,Moorea,Moorea,,,,,,"Moorea","Sage-femme libérale"
sage_femme,Sandra Mirambeau,Tahaa,Tahaa,,,,,,"Tahaa","Sage-femme libérale"
sage_femme,Sandrine Corlay,Faa'a,Tahiti,,,,,,"Faa'a","Sage-femme libérale"
sage_femme,Cabinet Sage-Femme Bora Bora,Bora Bora,Bora Bora,,,,,,"Bora Bora","Cabinet Bora Bora — Polynésie Pratique"
